date,title,ticker
2021-12-31T12:25:00+00:00,The Best Warren Buffett Stocks to Buy With $300 Right Now,AAPL
2021-12-31T11:05:00+00:00,3 Reasons Apple's iPhone Sales Can Keep Growing in 2022,AAPL
2021-12-31T00:30:00+00:00,Before the billions: The first jobs of some of the richest men in the world,AAPL
2021-12-30T23:00:00+00:00,The Unsung Winners and Biggest Losers of China's Rocky Markets in 2021,AAPL
2021-12-30T21:44:00+00:00,It Was a Wild Year for Tech. 1 Big Tech Stock Now Looks Particularly Attractive.,AAPL
2021-12-30T18:15:00+00:00,The Market Is Up but Your Portfolio Is Down. What Gives?,AAPL
2021-12-30T17:05:18+00:00,Theatre-only shift 'speaks volumes' for box office as studios abandon hybrid streaming model,AAPL
2021-12-30T16:56:04+00:00,Apple (AAPL) Puts Foxconn Factory in India on Probation,AAPL
2021-12-30T16:09:23+00:00,Read Why Apple Is Leaning Towards China's Supply Chain Partners,AAPL
2021-12-30T15:37:03+00:00,Alphabet (GOOGL) Boosts Google TV Efforts With TVision Hub,AAPL
Dec-31-21,Apple Stock: Buy at the High?,AAPL
Dec-31-21,The Best Warren Buffett Stocks to Buy With $300 Right Now,AAPL
Dec-31-21,3 Reasons Apple's iPhone Sales Can Keep Growing in 2022,AAPL
Dec-30-21,Before the billions: The first jobs of some of the richest men in the world,AAPL
Dec-30-21,The Unsung Winners and Biggest Losers of China's Rocky Markets in 2021,AAPL
Dec-30-21,It Was a Wild Year for Tech. 1 Big Tech Stock Now Looks Particularly Attractive.,AAPL
Dec-30-21,"5 Dow Jones Stocks To Buy And Watch In December 2021: Apple, Microsoft Fall",AAPL
Dec-30-21,The Market Is Up but Your Portfolio Is Down. What Gives?,AAPL
Dec-30-21,CES Comeback Bid Stymied After Omicron Spooks Participants,AAPL
Dec-30-21,Theatre-only shift 'speaks volumes' for box office as studios abandon hybrid streaming model,AAPL
Dec-30-21,Apple (AAPL) Puts Foxconn Factory in India on Probation,AAPL
Dec-30-21,Read Why Apple Is Leaning Towards China's Supply Chain Partners,AAPL
Dec-30-21,Alphabet (GOOGL) Boosts Google TV Efforts With TVision Hub,AAPL
Dec-30-21,3 No-Brainer Buffett Stocks That Are Smart Buys in 2022,AAPL
Dec-30-21,3 Green Flags for Meta Platforms' Future,AAPL
Dec-30-21,Apple (AAPL) Prospects Benefit From iPhone Production Increase,AAPL
Dec-30-21,North Carolina's $846M package to bring Apple to RTP labeled worst economic development deal of 2021,AAPL
Dec-30-21,2 Stocks to Buy if Inflation and Shortages Cause a Stock Market Crash,AAPL
Dec-30-21,Is Apple a Must Own Stock in 2022?,AAPL
Dec-30-21,"The Zacks Analyst Blog Highlights: Apple, Abbott Laboratories, Infosys, General Motors and NIO",AAPL
Dec-30-21,"The Zacks Analyst Blog Highlights: Robinhood Markets, Tesla, Apple, Microsoft and Walmart",AAPL
Dec-30-21,"INSIGHT-Women force change at Indian iPhone plant, sick from bad food, crowded dorms",AAPL
Dec-30-21,"Women force change at Indian iPhone plant, sick from bad food, crowded dorms",AAPL
Dec-30-21,"INSIGHT-Women force change at Indian iPhone plant, sick from bad food, crowded dorms",AAPL
Dec-29-21,The Dow's New High Is Hiding This Key Market Rotation,AAPL
Dec-29-21,Apple (AAPL) Gains But Lags Market: What You Should Know,AAPL
Dec-29-21,Tech stocks powered the S&P 500 index to a monster performance in 2021,AAPL
Dec-29-21,Tumblr banned these words to satisfy Apple safety standards,AAPL
Dec-29-21,"Top Stock Reports for Apple, Abbott & Infosys",AAPL
Dec-29-21,Apple cant just throw money at its talent retention problem,AAPL
Dec-29-21,3 Charts That Show Why the Dow Could Keep Underperforming the S&P 500 and Nasdaq in 2022,AAPL
Dec-29-21,"Boeing 737 Max cleared in Indonesia; Apple rivals Meta in issuing bonuses; Cayne, Madden, Reid die",AAPL
Dec-29-21,Alphabet's (GOOGL) Google TV to Gain Traction With New Device,AAPL
Dec-29-21,Buy These 4 Popular Robinhood Stocks for 2022,AAPL
Dec-29-21,"Company News for Dec 29, 2021",AAPL
Dec-29-21,5G Stocks To Buy And Watch: Apple Upgraded On View Augmented Reality To Drive 5G,AAPL
Dec-29-21,Apple puts supplier Foxconn's India plant on notice after protests,AAPL
Dec-29-21,Theres a huge difference in whats inside. Tech gurus on the 4 best non-Apple iPhone chargers (psst: they start at just $13),AAPL
Dec-29-21,Invest Like Warren Buffett in 2022 and Buy These 3 Stocks for the Long Haul,AAPL
Dec-29-21,Disney Is My Favorite Stock for 2022,AAPL
Dec-29-21,It Looks Like Elon Musk Is Finally Done Selling Tesla Stockfor This Year,AAPL
Dec-29-21,Analysis-U.S. retailers may pay the price for 'extended' holiday return season,AAPL
Dec-29-21,What will streaming services bring in 2022? Here are 5 trends to watch,AAPL
Dec-29-21,Invest Into Apple (AAPL) With Over 50% Upside Based On Point & Figures Chart,AAPL
Dec-29-21,"Market Pause, Trading Lockheed Martin, Apple Talent War, EV Battles, Ford",AAPL
Dec-29-21,Apple Puts India iPhone Maker on Probation for Labor Violations,AAPL
Dec-29-21,"Musk Sells More Tesla, Apple Shuts India Plant, Bitcoin Extends Slump, Stocks Resume Santa Rally -Five Things to Know",AAPL
Dec-28-21,UPDATE 3-Apple puts supplier Foxconn's India plant on notice after protests,AAPL
Dec-28-21,Apple Suspends Production at an India Foxconn Plant due to Poor Working Conditions,AAPL
Dec-28-21,Apple puts supplier Foxconn's India plant on notice after protests,AAPL
Dec-28-21,Foxconn's dorms for India workers do not meet Apple standards - spokesperson,AAPL
Dec-28-21,"Stock Market: As interest rates go up, options-mania is going to come down, Great Hill Capital chairman",AAPL
Dec-28-21,"S&P 500 Falls From Record, Dow Extends Winning Streakand What Else Happened With the Stock Market Today",AAPL
Dec-28-21,AMC Entertainment is Yahoo Finance's 2021 top trending ticker,AAPL
Dec-28-21,Apple iPhone Production Seen Rebounding In Q1 After Q4 Decline,AAPL
Dec-28-21,Apple Shares Slip as $3 Trillion Value Proves Elusive Again,AAPL
Dec-28-21,"Apple Pays $180,000 Bonuses to Retain Talent",AAPL
Dec-28-21,"Apple Aims to Prevent Defections to Meta With Rare $180,000 Bonuses for Top Talent",AAPL
Dec-28-21,"Read Why Michael Farr Sees Apple, Disney, Visa As Top Picks For 2022",AAPL
Dec-28-21,"Jordan Park Group LLC Buys Meta Platforms Inc, Invesco Senior Loan ETF, BTC iShares U.S. ...",AAPL
Dec-28-21,Tech Megacaps Had a Big 2021. Whats Ahead for 2022.,AAPL
Dec-28-21,Apple Stock Is Waffling  It Still Cant Crack $3 Trillion Market Cap,AAPL
Dec-28-21,"Tesla 'ranks no. 1 in future capability with autonomy, chip building: Innovation expert",AAPL
Dec-28-21,The U.S. is rolling out Pfizer and Mercks COVID-19 antivirals to states but complex manufacturing process may limit launch,AAPL
Dec-28-21,"Apple Closes New York Stores, College Bowl Games Canceled as Covid Surges",AAPL
Dec-28-21,How Does Peleton Stack Up Against Apple?,AAPL
Dec-28-21,"Riot Games to settle discrimination lawsuit, China slams SpaceX, Apple closes NYC stores amid COVID",AAPL
Dec-28-21,Pre-Market Slipping into the Opening Bell,AAPL
Dec-28-21,"US STOCKS-Wall St rises for fifth day, S&P 500 hits record high",AAPL
Dec-28-21,"AMC, Tesla, GameStop lead Yahoo Finances most-searched tickers in 2021",AAPL
Dec-28-21,"Apple stock surges, Rivian falls in early trading",AAPL
Dec-28-21,Apples March to $3 Trillion Carries Virus-Risk Warning for S&P,AAPL
Dec-28-21,US STOCKS-S&P 500 set to open at record high as rally sustains,AAPL
Dec-28-21,The Metaverse Just Got Bigger During the Holidays,AAPL
Dec-28-21,3 Bargain Stocks You Can Buy Today and Hold Forever,AAPL
Dec-28-21,Apple Stock Set to Rise for a Fifth Day  But It Still Cant Crack $3 Trillion Market Cap,AAPL
Dec-28-21,Better Buy: Apple vs. Facebook,AAPL
Dec-28-21,"Apple Stock Just Got Safer, and With a Better Growth Profile, According to These Analysts",AAPL
Dec-28-21,Fitbit sense review: A premium wearable that rivals the likes of Apple and Samsung,AAPL
Dec-28-21,"Apple's stock set to open in record territory, as it looks to extend win streak",AAPL
Dec-28-21,"If I Could Invest in Only 1 Metaverse Stock, This Would Be It",AAPL
Dec-28-21,A Top Growth Stock to Buy for 2022,AAPL
Dec-28-21,The 1 FAANG Stock to Buy Hand Over Fist for the Second Half of 2021 (and Beyond),AAPL
Dec-28-21,"GuidePath Tactical Allocation Fund Buys Laboratory Corp of America Holdings, Alphabet Inc, The ...",AAPL
Dec-28-21,"Santa Baby, Volatility, CDC Shift, Apple $3T, CES, Trading Energy Stock APA",AAPL
Dec-28-21,Apple Stock Tests $3 Trillion Mark; New York Stores Closed Amid Covid Surge,AAPL
Dec-27-21,"Huawei, Honor and Motorola Push New Foldable Phones in China",AAPL
Dec-27-21,UPDATE 4-Apple closes New York City stores to shoppers as COVID-19 cases rise,AAPL
Dec-27-21,"Trend Aggregation Growth ETF Buys Coterra Energy Inc, Playtika Holding Corp, DISH Network Corp, ...",AAPL
Dec-27-21,Investors Bet Big on Big Tech Heading Into Year-End,AAPL
Dec-27-21,Blockchain: Exploring the building blocks of Web 3.0,AAPL
Dec-27-21,Apple shutters 11 stores in New York City amid COVID-19 surge,AAPL
Dec-27-21,"Possible Justice Department lawsuit looms over Apple, which is facing scrutiny worldwide",AAPL
Dec-27-21,CORRECTED-UPDATE 3-Apple closes New York City stores to shoppers as COVID-19 cases rise,AAPL
Dec-27-21,'Spider-Man' notches more than $1B in global ticket sales as 'Matrix Resurrections' disappoints,AAPL
Dec-27-21,Apple Closes New York City Stores to Online Pickups Only,AAPL
Dec-27-21,Apple closes New York City stores to shoppers as COVID-19 cases rise,AAPL
Dec-27-21,"Big Tech heads for a year of thousands of tiny tech papercuts, but what antitrust efforts could make them bleed?",AAPL
Dec-27-21,Meta Gains as KeyBanc Sees Strong Holiday Sales for Oculus Headset,AAPL
Dec-27-21,Why Apple Stock Was Up Today,AAPL
2021-12-31T13:05:00+00:00,PayPal Stock: Bull vs. Bear,AMZN
2021-12-31T12:03:00+00:00,Vertex Pharmaceuticals Stock: Bull vs. Bear,AMZN
2021-12-31T12:00:00+00:00,"Will This Be the Year Jumia Becomes ""The Next Mercadolibre""?",AMZN
2021-12-31T11:24:00+00:00,"As the Sun Sets on 2021, These 5 Stocks Are My Highest-Conviction Holdings",AMZN
2021-12-31T10:52:00+00:00,3 Surefire Growth Stocks to Buy in 2022,AMZN
2021-12-31T10:06:00+00:00,It's Not Too Late to Add These 5 No-Brainer Stocks to Your IRA in 2021,AMZN
2021-12-31T00:30:00+00:00,Before the billions: The first jobs of some of the richest men in the world,AMZN
2021-12-31T00:00:00+00:00,2022 Could Be Banner Year for Amazon.com,AMZN
2021-12-30T22:44:00+00:00,Why Teladoc Health Stock Was Up Nearly 5% Today,AMZN
2021-12-30T21:44:00+00:00,It Was a Wild Year for Tech. 1 Big Tech Stock Now Looks Particularly Attractive.,AMZN
Dec-31-21,Is It Too Late to Buy Alphabet Stock?,AMZN
Dec-31-21,PayPal Stock: Bull vs. Bear,AMZN
Dec-31-21,Vertex Pharmaceuticals Stock: Bull vs. Bear,AMZN
Dec-31-21,"Will This Be the Year Jumia Becomes ""The Next Mercadolibre""?",AMZN
Dec-31-21,"As the Sun Sets on 2021, These 5 Stocks Are My Highest-Conviction Holdings",AMZN
Dec-31-21,Read How California's Latest Law Could Target Amazon,AMZN
Dec-31-21,3 Surefire Growth Stocks to Buy in 2022,AMZN
Dec-31-21,It's Not Too Late to Add These 5 No-Brainer Stocks to Your IRA in 2021,AMZN
Dec-30-21,Before the billions: The first jobs of some of the richest men in the world,AMZN
Dec-30-21,2022 Could Be Banner Year for Amazon.com,AMZN
Dec-30-21,Why Teladoc Health Stock Was Up Nearly 5% Today,AMZN
Dec-30-21,It Was a Wild Year for Tech. 1 Big Tech Stock Now Looks Particularly Attractive.,AMZN
Dec-30-21,Is Amazon Stock A Buy Right Now As Epic Battle With Walmart Escalates,AMZN
Dec-30-21,Amazon launches its latest big idea at Arlington HQ2,AMZN
Dec-30-21,Why Rivian Stock Popped Today,AMZN
Dec-30-21,Amazon buys Westborough distribution center site for $65M,AMZN
Dec-30-21,CES Comeback Bid Stymied After Omicron Spooks Participants,AMZN
Dec-30-21,Theatre-only shift 'speaks volumes' for box office as studios abandon hybrid streaming model,AMZN
Dec-30-21,Stocks in the green as Santa Claus rally rolls on,AMZN
Dec-30-21,PayPal's Road to a $1 Trillion Market Cap by 2030,AMZN
Dec-30-21,"VPN deals for January: Pay less for privacy with discounts on ExpressVPN, NordVPN and more",AMZN
Dec-30-21,Jair Lynch closes on deal to acquire one of Arlington's largest affordable housing complexes,AMZN
Dec-30-21,Alphabet (GOOGL) Boosts Google TV Efforts With TVision Hub,AMZN
Dec-30-21,Amazons Machine Bosses Are Targeted in California Legislation,AMZN
Dec-30-21,Better Fintech Stock: Robinhood Markets vs. PayPal,AMZN
Dec-30-21,Will Rivian Stock Hit $150 in 2022?,AMZN
Dec-30-21,3 No-Brainer Buffett Stocks That Are Smart Buys in 2022,AMZN
Dec-30-21,3 Green Flags for Meta Platforms' Future,AMZN
Dec-30-21,Is Amazon a Good Stock to Buy For 2022?,AMZN
Dec-30-21,"$5,000 Invested in This ETF Could Send Your Kids to College",AMZN
Dec-30-21,3 Companies That Outspent Netflix on Content in 2021,AMZN
Dec-30-21,3 Explosive Fintech Companies That Could IPO in 2022,AMZN
Dec-30-21,"As We Start Year 3 of the Pandemic, Here's How Walmart Has Done",AMZN
Dec-30-21,4 Red Flags for Vipshop's Future,AMZN
Dec-30-21,3 Growth Stocks That New Investors Should Own for 2022,AMZN
Dec-30-21,Missed Out on Solana? 2 Cryptocurrencies to Buy Now,AMZN
Dec-30-21,Bargain Hunters: 3 Innovative Stocks Down 37% to 77% Worth Buying Now,AMZN
Dec-30-21,3 Charts That Make Me Believe 2022 Will Be a Record Year for Amazon,AMZN
Dec-30-21,Does Amazon Have an International Problem?,AMZN
Dec-29-21,These Two Internet Giants Named Top Stock Picks for 2022,AMZN
Dec-29-21,"Amazon adds four locations, thousands of employees in KC area in 2021",AMZN
Dec-29-21,Tech stocks powered the S&P 500 index to a monster performance in 2021,AMZN
Dec-29-21,"Why Meta, Amazon, and Zynga Are Bairds Top Internet Stock Picks",AMZN
Dec-29-21,Secondhand store glut continues as 'people are still cleaning out their closets',AMZN
Dec-29-21,This surprising investing strategy crushes the stock market without examining a single financial metric,AMZN
Dec-29-21,4 Long-Term Investments You'll Thank Yourself for Later,AMZN
Dec-29-21,Alphabet's (GOOGL) Google TV to Gain Traction With New Device,AMZN
Dec-29-21,Alphabet (GOOGL) Teams Up With Geely to Boost Waymo One Fleet,AMZN
Dec-29-21,3 Rookie Mistakes to Avoid Making in the Stock Market,AMZN
Dec-29-21,These are techs 10 megatrends for 2022  and the stocks to buy,AMZN
Dec-29-21,Amazon-leased West Sac building sold for $91.9 million,AMZN
Dec-29-21,'The planet pays': An underrated cost of holiday gift returns,AMZN
Dec-29-21,"Meta, Amazon and Zynga Are Bairds Top Internet Picks for 2022",AMZN
Dec-29-21,"If You'd Invested $5,000 in Amazon in 2015, This Is How Much You Would Have Today",AMZN
Dec-29-21,Is Snowflake Stock A Buy? Data Analytics Specialist Tries To Buck Software Sell-Off,AMZN
Dec-29-21,My 2 Favorite 2021 IPOs for 2022 and Beyond,AMZN
Dec-29-21,"Baird Picks Amazon, Meta, Zynga As Top Internet Picks For 2022",AMZN
Dec-29-21,3 No-Brainer Warren Buffett Stocks to Buy for 2022,AMZN
Dec-29-21,"Amazon Stock: Headed to $4,500?",AMZN
Dec-29-21,Here are the top 10 Massachusetts tech VC deals of 2021,AMZN
Dec-29-21,What will streaming services bring in 2022? Here are 5 trends to watch,AMZN
Dec-28-21,Amazon (AMZN) Gains As Market Dips: What You Should Know,AMZN
Dec-28-21,"Stock Market: As interest rates go up, options-mania is going to come down, Great Hill Capital chairman",AMZN
Dec-28-21,AMC Entertainment is Yahoo Finance's 2021 top trending ticker,AMZN
Dec-28-21,Why Rivian Stock Dropped Today,AMZN
Dec-28-21,Tech Megacaps Had a Big 2021. Whats Ahead for 2022.,AMZN
Dec-28-21,"What investors should think about heading into 2022, according to FBB Capital Partners' director of research",AMZN
Dec-28-21,"Tesla 'ranks no. 1 in future capability with autonomy, chip building: Innovation expert",AMZN
Dec-28-21,3 Under-the-Radar Stocks to Buy for 2022,AMZN
Dec-28-21,Is Amazon Stock Too Expensive?,AMZN
Dec-28-21,2 Unstoppable Growth Stocks To Buy for 2022,AMZN
Dec-28-21,"Got $3,000? 2 Tech Stocks to Buy and Hold for the Long Term",AMZN
Dec-28-21,Is Oracle's (ORCL) Cloud Strategy Headed the Right Direction?,AMZN
Dec-28-21,3 Growth Stocks Down 37% to 60% to Buy Right Now,AMZN
Dec-28-21,"AMC, Tesla, GameStop lead Yahoo Finances most-searched tickers in 2021",AMZN
Dec-28-21,2 Fintech Stocks to Watch in 2022,AMZN
Dec-28-21,2 Monster Growth Stocks That Smart Investors Should Buy Now,AMZN
Dec-28-21,2 E-Commerce Stocks to Watch in 2022,AMZN
Dec-28-21,Did Crocs Trip Over Its Own Feet With This $2.5 Billion Acquisition?,AMZN
Dec-28-21,The Metaverse Just Got Bigger During the Holidays,AMZN
Dec-28-21,Cloud Computing for the Little Guy Is a Big Deal,AMZN
Dec-28-21,2 Unstoppable Growth Stocks to Buy and Hold Forever,AMZN
Dec-28-21,My 2 Favorite E-Commerce Stocks for 2022,AMZN
Dec-28-21,Why Amazon Is My Top Stock for 2022,AMZN
Dec-28-21,3 Disruptors I Love Right Now,AMZN
Dec-28-21,3 Top E-Commerce Stocks to Buy Right Now,AMZN
Dec-28-21,3 Cathie Wood Stocks That Could Soar in 2022,AMZN
Dec-28-21,3 Things About Wish That Smart Investors Know,AMZN
Dec-28-21,My 3 Highest Conviction Growth Stocks to Buy Before 2022,AMZN
Dec-28-21,The 1 FAANG Stock to Buy Hand Over Fist for the Second Half of 2021 (and Beyond),AMZN
Dec-28-21,"EntrepreneurShares Series Trust Buys Oracle Corp, Cintas Corp, Palantir Technologies Inc, Sells ...",AMZN
Dec-28-21,"Mairs and Power Growth Fund Buys Amazon.com Inc, Sysco Corp, Charles Schwab Corp, Sells 3M Co, ...",AMZN
Dec-27-21,Why Rivian Stock Surged Today,AMZN
Dec-27-21,Blockchain: Exploring the building blocks of Web 3.0,AMZN
Dec-27-21,'Spider-Man' notches more than $1B in global ticket sales as 'Matrix Resurrections' disappoints,AMZN
Dec-27-21,"Amazon has mostly avoided antitrust scrutiny, but that may change in 2022",AMZN
Dec-27-21,"Why Amazon Stock Is Poised to Rally, According to One Analyst",AMZN
Dec-27-21,Stock market outlook: Sectors to watch going into 2022,AMZN
Dec-27-21,"Zeke Capital Advisors, Llc Buys Boyd Gaming Corp, Amazon.com Inc, Salesforce. ...",AMZN
Dec-27-21,"Holiday shopping: Returns have definitely increased, goTRG CEO says",AMZN
Dec-31-21,Apple Stock: Buy at the High?,GOOG
Dec-31-21,Is It Too Late to Buy Alphabet Stock?,GOOG
Dec-31-21,How to Get Some Massive Stocks at a Discount,GOOG
Dec-31-21,"As the Sun Sets on 2021, These 5 Stocks Are My Highest-Conviction Holdings",GOOG
Dec-31-21,The Most Important Story in Online Travel in 2021,GOOG
Dec-31-21,16 Realistic Tech Predictions for 2022 (Part 1),GOOG
Dec-30-21,These Are The Best Robinhood Stocks To Buy Or Watch Now,GOOG
Dec-30-21,"IBD 50 Stocks To Watch: Alphabet Stock Closes In On New Buy Opportunity, Outperforms FANGs",GOOG
Dec-30-21,Alphabet (NASDAQ:GOOG.L) Seems To Use Debt Rather Sparingly,GOOG
Dec-30-21,CES Comeback Bid Stymied After Omicron Spooks Participants,GOOG
Dec-30-21,Alphabet (GOOGL) Boosts Google TV Efforts With TVision Hub,GOOG
Dec-30-21,3 Green Flags for Meta Platforms' Future,GOOG
Dec-30-21,Should You Invest in Disney Right Now?,GOOG
Dec-30-21,3 Companies That Outspent Netflix on Content in 2021,GOOG
Dec-30-21,3 Explosive Fintech Companies That Could IPO in 2022,GOOG
Dec-30-21,Alphabet (NASDAQ:GOOG) Heads into 2022 with Solid Fundamentals and a Reasonable Valuation,GOOG
Dec-29-21,Alphabet Inc. (GOOG) Gains But Lags Market: What You Should Know,GOOG
Dec-29-21,These Two Internet Giants Named Top Stock Picks for 2022,GOOG
Dec-29-21,Digital Turbine (APPS) Inks Multi-Year Deal with Google,GOOG
Dec-29-21,Tech stocks powered the S&P 500 index to a monster performance in 2021,GOOG
Dec-29-21,Alphabet (GOOGL) Nest Hub Max to Adopt Fuchsia Operating System,GOOG
Dec-29-21,Alphabet's (GOOGL) Google TV to Gain Traction With New Device,GOOG
Dec-29-21,Alphabet (GOOGL) Teams Up With Geely to Boost Waymo One Fleet,GOOG
Dec-29-21,Digital Turbine Is Down on Good News,GOOG
Dec-29-21,"Peloton searches on Google are plunging, stock slides",GOOG
Dec-29-21,The Best Tech Stocks of 2021#1 Is a Highflying Security Company,GOOG
Dec-29-21,5 Top-Notch Tech Stocks to Beat Nasdaq in 2022,GOOG
Dec-29-21,South Korea Wants Google And Apple To Block Crypto Play-To-Earn Games,GOOG
Dec-29-21,How and why workplace tech is becoming more inclusive,GOOG
Dec-29-21,Is Snowflake Stock A Buy? Data Analytics Specialist Tries To Buck Software Sell-Off,GOOG
Dec-29-21,"Dow Jones Futures: Stock Market Rally Pauses; Tesla, Google, Meta Near Trend Line Buy Points",GOOG
Dec-29-21,"Baird Picks Amazon, Meta, Zynga As Top Internet Picks For 2022",GOOG
Dec-28-21,Alphabet (GOOGL) Dips More Than Broader Markets: What You Should Know,GOOG
Dec-28-21,UPDATE 1-Waymo and China's Zeekr partner to develop driverless taxis,GOOG
Dec-28-21,Waymo and Geely's Zeekr partner to develop driverless taxis,GOOG
Dec-28-21,"Stock Market: As interest rates go up, options-mania is going to come down, Great Hill Capital chairman",GOOG
Dec-28-21,The 10 Best S&P 500 Tech Stocks of 2021 Start With a Highflying Security Company,GOOG
Dec-28-21,Digital Turbine Stock Reverses Down Amid 'Strategic Partnership' With Google Cloud,GOOG
Dec-28-21,AMD Joins Companies Canceling In-Person CES Attendance as Omicron Spreads,GOOG
Dec-28-21,"Alphabet Is Easing Lower, But It's Pulling Up This High-Growth Nasdaq Stock",GOOG
Dec-28-21,Tech Megacaps Had a Big 2021. Whats Ahead for 2022.,GOOG
Dec-28-21,"Tesla 'ranks no. 1 in future capability with autonomy, chip building: Innovation expert",GOOG
Dec-28-21,"Stock Market Rally Cools As Nasdaq Reverses Lower, These Breakouts Start To Fade",GOOG
Dec-28-21,"Alphabet CEO Pichai can be questioned in privacy lawsuit, judge rules",GOOG
Dec-28-21,"Alphabet CEO Pichai can be questioned in privacy lawsuit, judge rules",GOOG
Dec-28-21,How Does Peleton Stack Up Against Apple?,GOOG
Dec-28-21,Microsoft (MSFT) Up 54% YTD: Will the Rally Continue in 2022?,GOOG
Dec-28-21,Digital Turbine's stock surges to extend win streak after Google partnership,GOOG
Dec-28-21,Intuit (INTU) Surges 72% YTD: Will the Rise Continue in 2022?,GOOG
Dec-28-21,The Metaverse Just Got Bigger During the Holidays,GOOG
Dec-28-21,Cloud Computing for the Little Guy Is a Big Deal,GOOG
Dec-28-21,Is Salesforce Stock A Buy? Software Growth Stocks Under Pressure,GOOG
Dec-28-21,Is Google Stock A Buy? Internet Search Giant Tops Among FANG Stocks In 2021,GOOG
Dec-28-21,3 Things About Wish That Smart Investors Know,GOOG
Dec-28-21,The 1 FAANG Stock to Buy Hand Over Fist for the Second Half of 2021 (and Beyond),GOOG
Dec-28-21,"GuidePath Tactical Allocation Fund Buys Laboratory Corp of America Holdings, Alphabet Inc, The ...",GOOG
Dec-28-21,"Ershares Entrepreneurs Etf Buys Oracle Corp, Regeneron Pharmaceuticals Inc, Cintas Corp, Sells ...",GOOG
Dec-28-21,"EntrepreneurShares Series Trust Buys Oracle Corp, Cintas Corp, Palantir Technologies Inc, Sells ...",GOOG
Dec-28-21,"J.P. Morgan Exchange-Traded Fund Trust Buys DTE Energy Co, O'Reilly Automotive Inc, Norfolk ...",GOOG
Dec-28-21,Ex-Central Bankers Among Turkish Pundits at Risk of Lawsuits,GOOG
Dec-27-21,"M3Sixty Funds Trust Buys Datadog Inc, Ford Motor Co, GoodRx Holdings Inc, Sells Snap Inc, ...",GOOG
Dec-27-21,Blockchain: Exploring the building blocks of Web 3.0,GOOG
Dec-27-21,Google enters 2022 battling antitrust actions on multiple fronts  with more likely to come,GOOG
Dec-27-21,"Possible Justice Department lawsuit looms over Apple, which is facing scrutiny worldwide",GOOG
Dec-27-21,"Big Tech heads for a year of thousands of tiny tech papercuts, but what antitrust efforts could make them bleed?",GOOG
Dec-27-21,Meta Gains as KeyBanc Sees Strong Holiday Sales for Oculus Headset,GOOG
Dec-27-21,Stock market outlook: Sectors to watch going into 2022,GOOG
Dec-27-21,Why Nvidia Stock Popped Today,GOOG
Dec-27-21,"2021 YouTube trends: Gaming evolved into a main part of pop culture, expert says",GOOG
Dec-27-21,21 insanely wealthy people who aren't leaving it to the kids,GOOG
Dec-27-21,"Dow Jones Futures Rise, Tesla Climbs As Santa Claus Rally Begins; These 5 Stocks Flash Buy Signals",GOOG
Dec-27-21,Silicon Valleys Push Into Cars Is Testing Aptiv's Tech Makeover,GOOG
Dec-27-21,"Microsoft, Salesforce Battle to Revitalize Customer Service",GOOG
Dec-24-21,TikTok Sued by Content Moderator Disturbed by Graphic Videos,GOOG
Dec-24-21,"VP Disciplined Core Value Fund Buys Alphabet Inc, Kimberly-Clark Corp, T. ...",GOOG
Dec-24-21,"Russian court fines Google, Meta over failure to delete content",GOOG
Dec-24-21,Hedge Funds Were Right About These 10 Stocks in 2021,GOOG
Dec-24-21,Billionaire Rob Citrone Is Selling These 10 Stocks,GOOG
Dec-24-21,"What is Web3, the new version of the internet everyone is talking about",GOOG
Dec-24-21,"Microsoft, Google Lead 5 Long-Term Leaders Near Buy Points",GOOG
Dec-24-21,Mercury Systems (MRCY) Stock Rises 10% on JANA Stake Build-Up,GOOG
Dec-24-21,UPDATE 2-Russian court fines Alphabet's Google and Meta Platforms,GOOG
Dec-24-21,Russian court fines Alphabet's Google and Meta Platforms,GOOG
Dec-24-21,"Disciplined Core Value Fund Buys Alphabet Inc, Kimberly-Clark Corp, T. ...",GOOG
Dec-23-21,"Putnam Sustainable Leaders Fund Buys NVIDIA Corp, Intuit Inc, Regeneron Pharmaceuticals Inc, ...",GOOG
Dec-23-21,Waymo Is Latest Company to Pull Out of CES Over Virus Concerns,GOOG
Dec-23-21,Amazons Nefarious Labor Practices Curbed in Settlement,GOOG
Dec-23-21,Mastercard (MA) Offers Tokenization to Google Pay Users in India,GOOG
Dec-23-21,"UPDATE 5-GM, Google, others join retreat from CES over rising COVID-19 cases",GOOG
Dec-23-21,"GM, Google, others join retreat from CES over rising COVID-19 cases",GOOG
Dec-23-21,"Market check: Stocks open higher, volatility settles ahead of Christmas",GOOG
Dec-23-21,NICE Launches AI-Powered Robotic Process Automation Tools,GOOG
Dec-23-21,10 Value Stocks in Joel Greenblatts Portfolio,GOOG
Dec-23-21,Jim Simons Renaissance Technologies Portfolio: 10 Dividend Stocks With Over 15% Yield,GOOG
Dec-23-21,"Dow Jones Futures Rise As Market Rally Faces Test; Google Flashes Buy Signal, Elon Musk Still Selling Tesla Stock",GOOG
Dec-23-21,"MainStay VP Wellington Growth Portfolio Buys Alphabet Inc, Marvell Technology Inc, Global ...",GOOG
Dec-23-21,Best password managers: Secure your accounts and never forget your login details again,GOOG
Dec-22-21,"TikTok Was the Internets Most Visited Site in 2021, Even Beating Google",GOOG
Dec-22-21,"Amazon, Meta Scrap CES Plans in Las Vegas After Covid Surge",GOOG
Dec-22-21,20 companies are spending billions to boost their stock prices,GOOG
2021-12-31T13:08:24+00:00,Dow Jones Futures Drop Ahead Of Final Session Of 2021; 5 Top Stocks To Buy And Watch,MSFT
2021-12-31T11:00:00+00:00,3 Growth Stocks That Have Now Beaten the Market for 5 Straight Years,MSFT
2021-12-31T00:30:00+00:00,Before the billions: The first jobs of some of the richest men in the world,MSFT
2021-12-30T20:38:00+00:00,Why Zoom Video Communications Stock Jumped on Thursday,MSFT
2021-12-30T16:06:04+00:00,4 GARP Stocks to Scoop Up for Maximum Returns,MSFT
2021-12-30T15:15:08+00:00,Zoom Initiated With Buy at Citic On Excessive Concerns,MSFT
2021-12-30T14:36:54+00:00,Dow Jones Rallies As Jobless Claims Fall; Tesla Skids On Recall News,MSFT
2021-12-30T14:00:00+00:00,CES Comeback Effort Stymied After Omicron Spooks Participants,MSFT
2021-12-30T13:35:54+00:00,Dow Jones Futures Rise As Jobless Claims Fall; Tesla Drops On Recall News,MSFT
2021-12-30T13:14:54+00:00,Dow Jones Futures Rise Ahead Of Jobless Claims; Tesla Drops On Recall News,MSFT
Dec-31-21,Dow Jones Futures Drop Ahead Of Final Session Of 2021; 5 Top Stocks To Buy And Watch,MSFT
Dec-31-21,New to the Stock Market? 3 Investments You Can't Go Wrong With,MSFT
Dec-31-21,3 Growth Stocks That Have Now Beaten the Market for 5 Straight Years,MSFT
Dec-30-21,The Five Best Dow Jones Stocks Of 2021,MSFT
Dec-30-21,Before the billions: The first jobs of some of the richest men in the world,MSFT
Dec-30-21,Why Zoom Video Communications Stock Jumped on Thursday,MSFT
Dec-30-21,Is Roblox Stock A Buy Right Now After Reporting Key November Metrics?,MSFT
Dec-30-21,"5 Dow Jones Stocks To Buy And Watch In December 2021: Apple, Microsoft Fall",MSFT
Dec-30-21,CES Comeback Bid Stymied After Omicron Spooks Participants,MSFT
Dec-30-21,4 GARP Stocks to Scoop Up for Maximum Returns,MSFT
Dec-30-21,Zoom Initiated With Buy at Citic On Excessive Concerns,MSFT
Dec-30-21,Dow Jones Rallies As Jobless Claims Fall; Tesla Skids On Recall News,MSFT
Dec-30-21,"The Zacks Analyst Blog Highlights: Nvidia, Microsoft and Accenture",MSFT
Dec-30-21,"The Zacks Analyst Blog Highlights: Robinhood Markets, Tesla, Apple, Microsoft and Walmart",MSFT
Dec-30-21,SenseTimes Red-Hot Debut Makes Professor One of Worlds Richest People at $4 Billion,MSFT
Dec-29-21,The pandemic boom in videogames is expected to disappear in 2022,MSFT
Dec-29-21,Tech stocks powered the S&P 500 index to a monster performance in 2021,MSFT
Dec-29-21,3 Charts That Show Why the Dow Could Keep Underperforming the S&P 500 and Nasdaq in 2022,MSFT
Dec-29-21,"S&P 500, Dow Notch Record Closes as Healthcare Shines",MSFT
Dec-29-21,4 Long-Term Investments You'll Thank Yourself for Later,MSFT
Dec-29-21,Reasons to Hold DocuSign (DOCU) Stock in Your Portfolio,MSFT
Dec-29-21,Buy These 4 Popular Robinhood Stocks for 2022,MSFT
Dec-29-21,These are techs 10 megatrends for 2022  and the stocks to buy,MSFT
Dec-29-21,3 Blockchain Stocks Poised for Big Returns in 2022,MSFT
Dec-29-21,Dow Jones Rises; Tesla Reverses  Is Elon Musk Through Selling Shares?,MSFT
Dec-29-21,5 Top-Notch Tech Stocks to Beat Nasdaq in 2022,MSFT
Dec-29-21,Is Snowflake Stock A Buy? Data Analytics Specialist Tries To Buck Software Sell-Off,MSFT
Dec-29-21,"Harris Quietly Taps Wall Street, Tech CEOs for Advice on Policy",MSFT
Dec-28-21,Chinese Professor Lands $3.4 Billion Fortune With SenseTime IPO,MSFT
Dec-28-21,Microsoft (MSFT) Dips More Than Broader Markets: What You Should Know,MSFT
Dec-28-21,AMC Entertainment is Yahoo Finance's 2021 top trending ticker,MSFT
Dec-28-21,"Jordan Park Group LLC Buys Meta Platforms Inc, Invesco Senior Loan ETF, BTC iShares U.S. ...",MSFT
Dec-28-21,Tech Megacaps Had a Big 2021. Whats Ahead for 2022.,MSFT
Dec-28-21,"Is Microsoft (MSFT) a Solid Growth Stock? 3 Reasons to Think "" Yes """,MSFT
Dec-28-21,"Tesla 'ranks no. 1 in future capability with autonomy, chip building: Innovation expert",MSFT
Dec-28-21,"S&P 500 Snaps Record Run After Briefly Topping 4,800",MSFT
Dec-28-21,Microsoft (MSFT) Up 54% YTD: Will the Rally Continue in 2022?,MSFT
Dec-28-21,S&P 500 Eases From Record as Tech Stumble Offsets Rebound in Travel Stocks,MSFT
Dec-28-21,Is Oracle's (ORCL) Cloud Strategy Headed the Right Direction?,MSFT
Dec-28-21,U.S. judge dismisses claims that LinkedIn overcharged advertisers,MSFT
Dec-28-21,3 Stocks You Can Keep Forever,MSFT
Dec-28-21,Dow Jones Rises As Tesla Eyes New Buy Point; 5 Top Stocks To Buy And Watch,MSFT
Dec-28-21,Is Salesforce Stock A Buy? Software Growth Stocks Under Pressure,MSFT
Dec-28-21,"Apple Stock Just Got Safer, and With a Better Growth Profile, According to These Analysts",MSFT
Dec-28-21,Will Fiverr Recover in 2022?,MSFT
Dec-28-21,Dow Jones Futures Rally: Tesla Hits New Buy Point; 5 Top Stocks To Buy And Watch,MSFT
Dec-28-21,These were the top Boston-area tech stories of 2021,MSFT
Dec-28-21,"GuidePath Tactical Allocation Fund Buys Laboratory Corp of America Holdings, Alphabet Inc, The ...",MSFT
Dec-27-21,"Advisors' Inner Circle Fund III Buys Petroleo Brasileiro SA Petrobras, Devon Energy Corp, ...",MSFT
Dec-27-21,"M3Sixty Funds Trust Buys Datadog Inc, Ford Motor Co, GoodRx Holdings Inc, Sells Snap Inc, ...",MSFT
Dec-27-21,"Fiera Capital Global Equity Fund  Buys Microsoft Corp, TJX Inc, LVMH Moet Hennessy Louis Vuitton SE",MSFT
Dec-27-21,Top Investing Headlines of 2021,MSFT
Dec-27-21,Blockchain: Exploring the building blocks of Web 3.0,MSFT
Dec-27-21,"Microsoft has avoided U.S. antitrust scrutiny, but Europe is a different matter",MSFT
Dec-27-21,"Big Tech heads for a year of thousands of tiny tech papercuts, but what antitrust efforts could make them bleed?",MSFT
Dec-27-21,Meta Gains as KeyBanc Sees Strong Holiday Sales for Oculus Headset,MSFT
Dec-27-21,Stock market outlook: Sectors to watch going into 2022,MSFT
Dec-27-21,Don't fear a 20% stock market plunge: JPMorgan,MSFT
Dec-27-21,"2021 YouTube trends: Gaming evolved into a main part of pop culture, expert says",MSFT
Dec-27-21,Dow Jones Rallies As Tesla Approaches New Buy Point,MSFT
Dec-27-21,How Microsoft's (MSFT) Nuance Buyout Fits Its Business Strategy,MSFT
Dec-27-21,21 insanely wealthy people who aren't leaving it to the kids,MSFT
Dec-27-21,"Microsoft, Salesforce Battle to Revitalize Customer Service",MSFT
Dec-27-21,Microsoft Joins Other Tech Giants in Canceling In-Person Presence at CES,MSFT
Dec-27-21,"The Zacks Analyst Blog Highlights: Microsoft, Workiva, MongoDB and Datadog",MSFT
Dec-27-21,"The Zacks Analyst Blog Highlights: Microsoft, Home Depot, Goldman Sachs, UnitedHealth Group and Chevron",MSFT
Dec-27-21,4 retail predictions for 2022,MSFT
Dec-27-21,Microsoft Joins Other Tech Giants in Canceling In-Person Presence at CES,MSFT
Dec-26-21,3 Stocks that Beat the Market in 2021 and Could Do It Again in 2022,MSFT
Dec-24-21,"Microsoft joins Google, Amazon, others in canceling in-person presence at CES",MSFT
Dec-24-21,"Rational Insider Buy VA Buys OppFi Inc, SoFi Technologies Inc, SoFi Technologies Inc, Sells ...",MSFT
Dec-24-21,10 Tech Stocks to Buy According to Former VP Al Gore,MSFT
Dec-24-21,How Coinbase rode cryptos inflection point to a rocky but momentous year,MSFT
Dec-24-21,Billionaire Philippe Laffont is Selling These 10 Stocks,MSFT
Dec-24-21,Hedge Funds Were Right About These 10 Stocks in 2021,MSFT
Dec-24-21,"What is Web3, the new version of the internet everyone is talking about",MSFT
Dec-24-21,"Microsoft, Google Lead 5 Long-Term Leaders Near Buy Points",MSFT
Dec-24-21,"Multi-Asset Real Return Portfolio Buys Exxon Mobil Corp, Chevron Corp, Newmont Corp, Sells ...",MSFT
Dec-23-21,The Matrix Resurrections is mostly about trolling Hollywood capitalism,MSFT
Dec-23-21,"BOX to Aid Businesses Via Latest Monitoring, Reporting Tools",MSFT
Dec-23-21,"M&A Soared in 2021, with Oracle, Amazon Among Major Buyers",MSFT
Dec-23-21,Dow Jones Rallies As Stock Market Extends Rebound; Tesla Tests Key Resistance Level,MSFT
Dec-23-21,Cloud Computing Shift To The Metaverse Makes These Tech Stocks 'Sexy' Again,MSFT
Dec-23-21,4 Big Data Stocks That Could Explode in 2022,MSFT
Dec-23-21,10 Dividend Stocks to Buy According to Billionaire Louis Bacon,MSFT
Dec-23-21,Ride the Metaverse Boom With These 4 Stocks,MSFT
Dec-23-21,Should iShares S&P 500 Growth ETF (IVW) Be on Your Investing Radar?,MSFT
Dec-23-21,"The Zacks Analyst Blog Highlights: Microsoft, Broadcom, Eli Lilly, Intuitive Surgical and MetLife",MSFT
Dec-23-21,5 Dow Stocks That Helped the Index Score Big in 2021,MSFT
Dec-22-21,Microsoft (MSFT) Outpaces Stock Market Gains: What You Should Know,MSFT
Dec-22-21,Microsoft clears final hurdle in $19.7B purchase of AI speech company Nuance,MSFT
Dec-22-21,"Amazon, Meta Scrap CES Plans in Las Vegas After Covid Surge",MSFT
Dec-22-21,20 companies are spending billions to boost their stock prices,MSFT
Dec-22-21,10 Value Stocks to Buy According to Billionaire Paul Tudor Jones,MSFT
Dec-22-21,"Top Research Reports for Microsoft, Broadcom & Eli Lilly",MSFT
Dec-22-21,Amazon's Cloud Services Suffer Third Outage This Month,MSFT
Dec-22-21,How to go to church in the metaverse,MSFT
Dec-22-21,Facebook Papers: How the 2021 leak could haunt Meta in 2022,MSFT
Dec-22-21,"S&P 500 Rallies as Bulls Up Bets on Tesla, Tech",MSFT
Dec-22-21,Hybrid Working Gaining Momentum: Focus on These 4 Tech Stocks,MSFT
